race,avg(prediction)
Caucasian,0.4664002326633795
Other,0.4283481266561604
AfricanAmerican,0.4558919661625747
Hispanic,0.42637748279701565
Asian,0.38953353563569904
?,0.34392652760527476
